Method,Job,AnalyzeLaunchVariance,EvaluateOverhead,MaxAbsoluteError,MaxRelativeError,MinInvokeCount,MinIterationTime,OutlierMode,Affinity,EnvironmentVariables,Jit,LargeAddressAware,Platform,PowerPlanMode,Runtime,AllowVeryLargeObjects,Concurrent,CpuGroups,Force,HeapAffinitizeMask,HeapCount,NoAffinitize,RetainVm,Server,Arguments,BuildConfiguration,Clock,EngineFactory,NuGetReferences,Toolchain,IsMutator,InvocationCount,IterationCount,IterationTime,LaunchCount,MaxIterationCount,MaxWarmupIterationCount,MemoryRandomization,MinIterationCount,MinWarmupIterationCount,RunStrategy,UnrollFactor,WarmupCount,count,Mean,Error,StdDev,Gen0,Allocated
'FSM.Update - stay in state (no transition)',Job-PNTTJH,False,Default,Default,Default,Default,Default,Default,11111111111111111111,Empty,RyuJit,Default,X64,8c5e7fda-e8bf-4a96-9a85-a6e23a8c635c,.NET 9.0,False,True,False,True,Default,Default,False,False,False,Default,Default,Default,Default,Default,Default,Default,Default,5,Default,Default,Default,Default,Default,Default,Default,Default,16,3,?,14.29 ns,0.146 ns,0.038 ns,0.0000,0 B
'FSM.Update - transition (exit+enter hooks)',Job-PNTTJH,False,Default,Default,Default,Default,Default,Default,11111111111111111111,Empty,RyuJit,Default,X64,8c5e7fda-e8bf-4a96-9a85-a6e23a8c635c,.NET 9.0,False,True,False,True,Default,Default,False,False,False,Default,Default,Default,Default,Default,Default,Default,Default,5,Default,Default,Default,Default,Default,Default,Default,Default,16,3,?,75.81 ns,5.903 ns,0.914 ns,0.0000,0 B
'CreateStateMachine (from cached template)',Job-PNTTJH,False,Default,Default,Default,Default,Default,Default,11111111111111111111,Empty,RyuJit,Default,X64,8c5e7fda-e8bf-4a96-9a85-a6e23a8c635c,.NET 9.0,False,True,False,True,Default,Default,False,False,False,Default,Default,Default,Default,Default,Default,Default,Default,5,Default,Default,Default,Default,Default,Default,Default,Default,16,3,?,197.70 ns,11.216 ns,2.913 ns,0.0763,800 B
'FSM.Update - stay in state (no transition)',ShortRun,False,Default,Default,Default,Default,Default,Default,11111111111111111111,Empty,RyuJit,Default,X64,8c5e7fda-e8bf-4a96-9a85-a6e23a8c635c,.NET 9.0,False,True,False,True,Default,Default,False,False,False,Default,Default,Default,Default,Default,Default,Default,Default,3,Default,1,Default,Default,Default,Default,Default,Default,16,3,?,14.33 ns,1.868 ns,0.102 ns,0.0000,0 B
'FSM.Update - transition (exit+enter hooks)',ShortRun,False,Default,Default,Default,Default,Default,Default,11111111111111111111,Empty,RyuJit,Default,X64,8c5e7fda-e8bf-4a96-9a85-a6e23a8c635c,.NET 9.0,False,True,False,True,Default,Default,False,False,False,Default,Default,Default,Default,Default,Default,Default,Default,3,Default,1,Default,Default,Default,Default,Default,Default,16,3,?,75.28 ns,20.100 ns,1.102 ns,0.0000,0 B
'CreateStateMachine (from cached template)',ShortRun,False,Default,Default,Default,Default,Default,Default,11111111111111111111,Empty,RyuJit,Default,X64,8c5e7fda-e8bf-4a96-9a85-a6e23a8c635c,.NET 9.0,False,True,False,True,Default,Default,False,False,False,Default,Default,Default,Default,Default,Default,Default,Default,3,Default,1,Default,Default,Default,Default,Default,Default,16,3,?,193.40 ns,57.458 ns,3.149 ns,0.0763,800 B
'FSM.Update x1000 entities (simulate tick)',Job-PNTTJH,False,Default,Default,Default,Default,Default,Default,11111111111111111111,Empty,RyuJit,Default,X64,8c5e7fda-e8bf-4a96-9a85-a6e23a8c635c,.NET 9.0,False,True,False,True,Default,Default,False,False,False,Default,Default,Default,Default,Default,Default,Default,Default,5,Default,Default,Default,Default,Default,Default,Default,Default,16,3,1000,"13,609.51 ns",376.534 ns,58.269 ns,0.0000,0 B
'FSM.Update x1000 entities (simulate tick)',ShortRun,False,Default,Default,Default,Default,Default,Default,11111111111111111111,Empty,RyuJit,Default,X64,8c5e7fda-e8bf-4a96-9a85-a6e23a8c635c,.NET 9.0,False,True,False,True,Default,Default,False,False,False,Default,Default,Default,Default,Default,Default,Default,Default,3,Default,1,Default,Default,Default,Default,Default,Default,16,3,1000,"13,583.31 ns",437.385 ns,23.975 ns,0.0000,0 B
'FSM.Update x1000 entities (simulate tick)',Job-PNTTJH,False,Default,Default,Default,Default,Default,Default,11111111111111111111,Empty,RyuJit,Default,X64,8c5e7fda-e8bf-4a96-9a85-a6e23a8c635c,.NET 9.0,False,True,False,True,Default,Default,False,False,False,Default,Default,Default,Default,Default,Default,Default,Default,5,Default,Default,Default,Default,Default,Default,Default,Default,16,3,5000,"68,164.10 ns","2,150.616 ns",332.810 ns,0.0000,0 B
'FSM.Update x1000 entities (simulate tick)',ShortRun,False,Default,Default,Default,Default,Default,Default,11111111111111111111,Empty,RyuJit,Default,X64,8c5e7fda-e8bf-4a96-9a85-a6e23a8c635c,.NET 9.0,False,True,False,True,Default,Default,False,False,False,Default,Default,Default,Default,Default,Default,Default,Default,3,Default,1,Default,Default,Default,Default,Default,Default,16,3,5000,"66,589.53 ns","6,656.430 ns",364.861 ns,0.0000,0 B
